1756987200000,110858.00000000,111175.22000000,109359.46000000,109532.55000000,939.43918000,1757001599999,103370147.77812850,143118,348.91999000,38405901.16934970,0
1757001600000,109532.55000000,110239.38000000,109376.46000000,109823.08000000,908.90618000,1757015999999,99865706.84028850,91547,494.57283000,54357470.41563610,0
1757016000000,109823.09000000,111774.80000000,109774.47000000,110741.29000000,468.22138000,1757030399999,51822990.60506130,80094,266.42032000,29470517.24575020,0
1757030400000,110738.44000000,111507.91000000,110449.30000000,111332.00000000,324.85431000,1757044799999,36074760.92498490,77291,150.90806000,16763873.24765440,0
1757044800000,111332.00000000,113014.51000000,111156.70000000,112981.77000000,621.11341000,1757059199999,69736152.77132080,76758,325.63208000,36551417.17971640,0
1757059200000,112981.76000000,113012.00000000,112145.98000000,112369.19000000,471.43810000,1757073599999,53026194.15936850,61223,230.59170000,25934258.61349560,0
1757073600000,112369.20000000,113418.82000000,110292.65000000,110730.02000000,1951.30558000,1757087999999,218540559.27051770,221809,981.87392000,109970382.16428100,0
1757088000000,110731.99000000,111643.45000000,110232.18000000,111634.72000000,627.35691000,1757102399999,69632700.43743490,89069,297.25594000,32996262.92874190,0
1757102400000,111634.71000000,111720.00000000,110400.00000000,110678.60000000,1056.03209000,1757116799999,117202382.12591260,78798,393.74442000,43713294.09884770,0
1757116800000,110681.15000000,111329.99000000,110572.37000000,111099.55000000,181.36681000,1757131199999,20104825.94505190,35979,86.42192000,9582147.76639320,0
1757131200000,111099.56000000,111099.56000000,110716.01000000,110844.16000000,78.50342000,1757145599999,8699697.54598650,19096,32.57789000,3609927.43675440,0
1757145600000,110847.96000000,110987.99000000,110686.06000000,110808.01000000,113.75502000,1757159999999,12603677.86839280,19510,39.06501000,4328366.68180880,0
1757160000000,110808.01000000,111020.00000000,110385.28000000,110419.99000000,211.52198000,1757174399999,23424217.90734110,30431,69.42935000,7689499.65067910,0
1757174400000,110420.00000000,110437.99000000,110000.01000000,110073.00000000,256.95863000,1757188799999,28319952.08937560,44154,122.85119000,13540048.39580500,0
1757188800000,110075.84000000,110322.00000000,110068.00000000,110229.99000000,118.95417000,1757203199999,13108396.39011450,23227,59.64563000,6572586.77047910,0
1757203200000,110230.00000000,110769.00000000,110214.00000000,110656.00000000,177.95473000,1757217599999,19668232.43860640,26595,115.78539000,12795611.45855190,0
1757217600000,110656.01000000,110942.33000000,110492.01000000,110778.00000000,151.50928000,1757231999999,16767221.26004420,25704,78.95783000,8737336.97188370,0
1757232000000,110778.00000000,111400.00000000,110740.96000000,111325.60000000,323.99009000,1757246399999,36002887.31307380,42812,153.30969000,17033263.96786580,0
1757246400000,111325.61000000,111423.41000000,111072.00000000,111342.00000000,164.36818000,1757260799999,18280689.68547150,34349,70.21186000,7809666.70407730,0
1757260800000,111342.00000000,111386.00000000,110879.20000000,111278.81000000,177.13177000,1757275199999,19678984.17212070,32432,87.97625000,9773945.28932740,0
1757275200000,111278.82000000,111624.89000000,111009.67000000,111144.40000000,228.32751000,1757289599999,25407192.07596580,33665,116.40899000,12953044.31689710,0
1757289600000,111140.01000000,111382.02000000,110630.00000000,111055.99000000,332.65282000,1757303999999,36938799.27788310,77949,168.61285000,18722371.98817910,0
1757304000000,111056.00000000,111627.72000000,110910.00000000,111300.49000000,281.13166000,1757318399999,31268765.67942160,45576,147.80911000,16438508.42143460,0
1757318400000,111300.49000000,112204.00000000,111252.00000000,112056.08000000,502.72214000,1757332799999,56236859.26649900,69166,278.50422000,31150789.24276200,0
1757332800000,112056.08000000,112940.00000000,111864.49000000,112650.01000000,733.84412000,1757347199999,82450611.93741180,97546,315.14813000,35413653.71294330,0
1757347200000,112650.00000000,112688.00000000,112003.66000000,112122.89000000,329.70647000,1757361599999,37045808.70917990,56529,183.73327000,20646290.00714690,0
1757361600000,112124.02000000,112531.49000000,111910.99000000,112087.45000000,442.86617000,1757375999999,49709089.93358490,38817,317.58150000,35652546.04712050,0
1757376000000,112087.45000000,112125.20000000,111132.00000000,111730.00000000,335.19342000,1757390399999,37387440.55688530,69814,172.78054000,19269489.25866420,0
1757390400000,111730.01000000,113300.00000000,111650.02000000,113016.01000000,742.12235000,1757404799999,83598697.25941520,84188,396.92629000,44706927.71723380,0
1757404800000,113016.02000000,113191.99000000,112431.11000000,112458.00000000,377.89641000,1757419199999,42663100.75496990,49054,182.89752000,20653566.86493620,0
1757419200000,112458.00000000,112979.15000000,110783.42000000,110890.06000000,1130.54739000,1757433599999,126402145.05119240,142029,573.33895000,64072805.52032540,0
1757433600000,110890.06000000,111418.27000000,110798.00000000,111316.00000000,389.69877000,1757447999999,43279708.31404920,54793,244.98682000,27204612.98265610,0
1757448000000,111320.89000000,111750.00000000,111099.93000000,111556.80000000,250.96762000,1757462399999,27964290.09390460,51284,128.36953000,14303658.37321430,0
1757462400000,111558.67000000,111606.83000000,110937.89000000,111568.38000000,365.04277000,1757476799999,40614928.76582120,67847,174.31870000,19391442.14468900,0
1757476800000,111567.85000000,112614.00000000,111384.70000000,112560.00000000,465.41342000,1757491199999,52075907.19697740,69731,249.60823000,27930231.39117240,0
1757491200000,112560.00000000,112872.88000000,112115.37000000,112321.32000000,441.19113000,1757505599999,49615576.04209540,58007,221.10341000,24862451.36594340,0
1757505600000,112322.00000000,114345.99000000,112322.00000000,113889.71000000,1412.19158000,1757519999999,160366049.12772620,158518,713.12424000,80972038.90688710,0
1757520000000,113892.07000000,114112.82000000,113186.00000000,113618.56000000,621.94846000,1757534399999,70671684.57208740,85212,310.57540000,35290215.86160490,0
1757534400000,113618.57000000,114086.77000000,113566.78000000,114007.00000000,649.37811000,1757548799999,73948098.73876480,55387,355.35160000,40474320.01684580,0
1757548800000,114007.00000000,114490.00000000,113720.15000000,114441.09000000,308.87077000,1757563199999,35228999.46943870,42831,170.08170000,19400685.62936020,0
1757563200000,114441.09000000,114500.00000000,114000.00000000,114134.10000000,377.31545000,1757577599999,43100836.30825770,52244,202.85845000,23171928.55649120,0
1757577600000,114134.11000000,114273.92000000,113823.62000000,114059.94000000,397.77981000,1757591999999,45360968.64714830,41220,177.42500000,20233163.11480320,0
1757592000000,114059.95000000,114769.18000000,113459.96000000,114223.44000000,1290.56404000,1757606399999,147291037.43423830,152401,679.27913000,77532352.33641880,0
1757606400000,114219.51000000,114671.19000000,114130.78000000,114477.79000000,395.25156000,1757620799999,45226329.60121500,60139,207.90200000,23785293.35176220,0
1757620800000,114478.16000000,115547.45000000,114293.74000000,115541.71000000,487.20457000,1757635199999,55989775.04871130,54468,281.48970000,32347973.89724010,0
1757635200000,115541.70000000,116373.00000000,115093.01000000,115249.83000000,752.43610000,1757649599999,87045491.47804690,97579,362.68161000,41965533.02274830,0
1757649600000,115249.82000000,115720.00000000,115138.06000000,115144.98000000,451.80496000,1757663999999,52156777.33931160,46159,249.23383000,28769049.77454980,0
1757664000000,115144.99000000,115324.99000000,114924.99000000,114967.93000000,478.05190000,1757678399999,55009399.06168710,42537,246.25088000,28336493.32296670,0
1757678400000,114967.94000000,115536.12000000,114664.15000000,115169.86000000,503.78420000,1757692799999,57985949.86332120,89372,248.60677000,28612864.65613920,0
1757692800000,115169.86000000,116800.00000000,115068.05000000,116756.16000000,1217.75735000,1757707199999,141518367.85523780,101717,702.68758000,81701088.27075420,0
1757707200000,116756.96000000,116756.96000000,115875.00000000,116122.97000000,456.17808000,1757721599999,53025416.78118910,55227,231.96204000,26970018.98063500,0
1757721600000,116122.98000000,116373.12000000,115678.85000000,116039.47000000,363.87859000,1757735999999,42217269.31872120,46135,138.18423000,16036377.85746550,0
1757736000000,116039.47000000,116039.48000000,115740.01000000,115860.20000000,224.44764000,1757750399999,26001822.30648360,26972,102.31831000,11853023.44748460,0
1757750400000,115860.21000000,116274.18000000,115851.33000000,116047.94000000,266.98131000,1757764799999,30983412.01843450,30579,155.46681000,18043468.79368530,0
1757764800000,116047.95000000,116141.86000000,115677.82000000,115848.29000000,400.87956000,1757779199999,46462608.72205580,47549,188.01376000,21793200.89623290,0
1757779200000,115848.29000000,115899.98000000,115215.30000000,115868.67000000,477.19774000,1757793599999,55141085.47665360,48495,251.29057000,29041536.73625160,0
1757793600000,115868.67000000,116074.84000000,115868.66000000,115985.28000000,231.35900000,1757807999999,26832489.40494490,23255,131.47331000,15248776.41587410,0
1757808000000,115985.27000000,116186.24000000,115718.37000000,115748.43000000,201.62698000,1757822399999,23378983.92145840,34734,112.57392000,13053245.51447090,0
1757822400000,115748.43000000,116018.71000000,115526.78000000,115876.00000000,215.88045000,1757836799999,24998009.70462170,25914,117.58787000,13619046.35862590,0
1757836800000,115876.01000000,116241.90000000,115829.91000000,115877.97000000,212.18617000,1757851199999,24617902.99879400,35493,111.96301000,12989276.05858180,0
1757851200000,115877.98000000,115951.88000000,115210.41000000,115296.00000000,460.80952000,1757865599999,53226140.06931830,67222,171.98690000,19864296.89780280,0
1757865600000,115294.00000000,115728.68000000,115256.13000000,115703.77000000,230.66784000,1757879999999,26656296.19239760,31934,138.37305000,15990568.54207720,0
1757880000000,115703.76000000,116153.77000000,115202.50000000,115343.00000000,305.12808000,1757894399999,35340337.50780400,48480,158.58870000,18367602.30180730,0
1757894400000,115342.79000000,115654.00000000,114885.96000000,115494.24000000,314.20515000,1757908799999,36193631.30886300,55941,179.46156000,20669281.14805440,0
1757908800000,115494.24000000,116814.48000000,115454.73000000,115867.08000000,541.03025000,1757923199999,62871533.22450270,84430,286.63968000,33309677.67761950,0
1757923200000,115867.08000000,115870.00000000,114674.26000000,115115.01000000,643.44139000,1757937599999,74081328.48472450,89297,306.21292000,35245262.03239970,0
1757937600000,115115.01000000,115140.41000000,114411.76000000,114889.07000000,739.44209000,1757951999999,84865331.70411960,116630,262.62234000,30142938.04208070,0
1757952000000,114889.07000000,115600.00000000,114648.80000000,115335.00000000,506.02503000,1757966399999,58238361.80783420,87255,237.78967000,27366402.11041060,0
1757966400000,115336.95000000,115654.35000000,115242.00000000,115399.99000000,259.95747000,1757980799999,30013617.70361050,32261,93.30631000,10771339.90186560,0
1757980800000,115400.00000000,115563.73000000,114988.69000000,115348.01000000,204.69885000,1757995199999,23590683.97866310,43413,93.84550000,10814157.72546020,0
1757995200000,115348.01000000,116055.22000000,114969.36000000,115879.00000000,408.78611000,1758009599999,47315896.39700520,54474,220.97988000,25581110.30998190,0
1758009600000,115880.99000000,116023.07000000,115247.01000000,115325.96000000,248.29967000,1758023999999,28699209.47843130,56965,130.76574000,15113832.67662330,0
1758024000000,115325.72000000,115951.45000000,114759.60000000,115951.44000000,605.95653000,1758038399999,69842968.24526450,131790,277.17560000,31962501.77713320,0
1758038400000,115951.44000000,116923.40000000,115636.95000000,116863.62000000,736.94950000,1758052799999,85842925.82966910,117761,348.68183000,40601910.54148670,0
1758052800000,116863.63000000,117008.99000000,116643.77000000,116845.87000000,323.76418000,1758067199999,37836757.02809070,55594,166.62462000,19474203.77630510,0
1758067200000,116845.87000000,117140.00000000,116426.47000000,116427.87000000,276.93039000,1758081599999,32335795.86245090,60199,119.84781000,13995674.73805120,0
1758081600000,116427.86000000,117350.00000000,116225.79000000,117235.57000000,467.92137000,1758095999999,54713851.42094830,75291,259.47707000,30337230.96274830,0
1758096000000,117235.57000000,117254.98000000,116300.00000000,116304.03000000,339.76513000,1758110399999,39657669.22669630,53771,158.94111000,18546159.46617350,0
1758110400000,116304.03000000,116571.83000000,115508.90000000,115927.99000000,433.52381000,1758124799999,50285719.98031000,95267,206.76262000,23986737.61244550,0
1758124800000,115927.98000000,116381.24000000,114800.00000000,115713.02000000,1377.43010000,1758139199999,159305508.59473450,209186,688.02763000,79584109.52975950,0
1758139200000,115706.74000000,117041.17000000,115389.40000000,116496.75000000,530.61560000,1758153599999,61725898.73017700,98471,281.07870000,32695340.16147960,0
1758153600000,116498.94000000,117963.80000000,116149.47000000,117636.02000000,641.78459000,1758167999999,75177408.63005130,106805,334.60336000,39176108.40604660,0
1758168000000,117636.04000000,117822.78000000,116939.13000000,117130.94000000,426.56912000,1758182399999,50058216.94438870,59181,176.84797000,20744081.32848320,0
1758182400000,117130.95000000,117481.00000000,117066.66000000,117117.57000000,335.07458000,1758196799999,39293058.33517230,58881,185.41181000,21746219.37446510,0
1758196800000,117117.57000000,117915.27000000,117030.04000000,117647.98000000,662.72050000,1758211199999,77892602.24212930,117002,355.70555000,41800980.11302490,0
1758211200000,117647.99000000,117996.97000000,117256.50000000,117523.93000000,504.53229000,1758225599999,59377559.69095790,83171,244.30015000,28745863.80025220,0
1758225600000,117523.94000000,117723.66000000,116709.78000000,117137.89000000,352.93948000,1758239999999,41349363.87945420,54384,145.68511000,17069079.01472370,0
1758240000000,117137.88000000,117527.99000000,116922.24000000,117043.80000000,270.41661000,1758254399999,31708610.77062130,57274,119.05038000,13958920.07173300,0
1758254400000,117043.81000000,117176.09000000,116700.02000000,116977.43000000,369.83057000,1758268799999,43242360.42209790,61986,178.26084000,20843856.87081100,0
1758268800000,116977.43000000,117166.66000000,116370.00000000,116461.84000000,436.44407000,1758283199999,50934519.26103300,55402,220.88097000,25772691.89689030,0
1758283200000,116461.85000000,116594.99000000,115526.12000000,115948.78000000,560.83699000,1758297599999,65107361.20808340,104095,241.58711000,28055097.13148570,0
1758297600000,115948.78000000,116208.71000000,115188.40000000,115203.89000000,493.87580000,1758311999999,57127433.28958370,73860,213.05539000,24654050.41474830,0
1758312000000,115203.90000000,115738.98000000,115176.48000000,115703.97000000,231.54089000,1758326399999,26739756.64671840,41415,137.64768000,15893639.56773290,0
1758326400000,115703.97000000,115805.59000000,115489.92000000,115525.51000000,235.96850000,1758340799999,27296022.42193470,38773,100.18476000,11588208.67095990,0
1758340800000,115525.51000000,116062.38000000,115492.25000000,116042.01000000,260.11030000,1758355199999,30107785.36407110,29115,155.73474000,18024826.43020010,0
1758355200000,116042.01000000,116042.01000000,115734.99000000,115946.65000000,299.88358000,1758369599999,34747088.39193150,32618,154.03110000,17847911.01616520,0
1758369600000,115946.66000000,116200.00000000,115880.00000000,116070.12000000,261.58870000,1758383999999,30353450.39905100,31333,117.62962000,13649113.00126670,0
1758384000000,116070.12000000,116161.42000000,115776.68000000,115780.01000000,200.13069000,1758398399999,23199973.18879020,27566,96.56445000,11193708.14049400,0
1758398400000,115780.02000000,116026.41000000,115678.00000000,115753.89000000,138.80089000,1758412799999,16078316.70729760,23405,76.46650000,8857662.77407960,0
1758412800000,115753.89000000,115805.24000000,115526.01000000,115750.02000000,167.52591000,1758427199999,19379920.58214820,26277,84.96227000,9828831.37616870,0
1758427200000,115750.02000000,115909.77000000,115568.11000000,115909.77000000,146.92733000,1758441599999,17004845.77432190,20597,61.85631000,7159426.27020210,0
1758441600000,115909.77000000,115919.99000000,115407.77000000,115682.79000000,289.78040000,1758455999999,33516684.48068920,37067,98.92636000,11442726.70767560,0
1758456000000,115682.79000000,115832.54000000,115550.01000000,115608.01000000,222.40972000,1758470399999,25735500.86881740,30657,104.43598000,12085698.15113770,0
1758470400000,115608.01000000,115746.69000000,115300.00000000,115569.99000000,364.53570000,1758484799999,42112849.90599390,39955,169.79203000,19617333.90467900,0
1758484800000,115570.00000000,115627.08000000,115262.00000000,115314.26000000,163.70905000,1758499199999,18893183.57575760,34524,83.84191000,9675305.03033650,0
1758499200000,115314.25000000,115453.28000000,114229.41000000,114740.51000000,1008.81345000,1758513599999,115652905.27989650,153518,443.72393000,50859779.35634120,0
1758513600000,114740.51000000,114740.52000000,111820.12000000,112615.98000000,1871.58649000,1758527999999,211514077.81252520,176783,868.50498000,98117450.33147420,0
1758528000000,112615.99000000,113072.98000000,112270.01000000,112970.97000000,605.86130000,1758542399999,68264956.33001350,73434,297.99944000,33587263.88151690,0
1758542400000,112970.98000000,113626.37000000,112484.76000000,112908.88000000,639.96640000,1758556799999,72310350.70103860,96326,317.16618000,35849583.80067750,0
1758556800000,112908.88000000,112993.07000000,112022.52000000,112218.99000000,471.41605000,1758571199999,53050873.61701840,74660,221.23310000,24899388.15189370,0
1758571200000,112218.98000000,113073.23000000,112058.73000000,112759.62000000,323.07699000,1758585599999,36409446.82563740,50273,162.43993000,18309218.32313210,0
1758585600000,112759.62000000,112937.59000000,111580.43000000,112445.50000000,507.30886000,1758599999999,56933298.64220910,89715,232.41964000,26075747.23935040,0
1758600000000,112445.50000000,113202.03000000,111970.01000000,113172.31000000,530.96366000,1758614399999,59864614.69647010,91379,250.29315000,28218623.52329700,0
1758614400000,113172.31000000,113372.00000000,112772.00000000,113072.13000000,299.51582000,1758628799999,33871127.42578150,45911,150.61289000,17030608.93192450,0
1758628800000,113072.12000000,113384.37000000,112566.38000000,112956.99000000,417.26343000,1758643199999,47136789.22773430,92157,202.07421000,22828288.97064330,0
1758643200000,112956.99000000,113040.00000000,111592.17000000,111716.19000000,790.94984000,1758657599999,88770070.53011770,138019,381.27648000,42806570.18245010,0
1758657600000,111716.18000000,112284.24000000,111520.54000000,112044.24000000,238.93508000,1758671999999,26758131.89726080,54484,105.18914000,11781284.89780740,0
1758672000000,112044.24000000,112549.39000000,111721.18000000,111742.70000000,574.57672000,1758686399999,64448678.39162740,107157,236.37472000,26517183.31174640,0
1758686400000,111742.70000000,112824.49000000,111089.81000000,112637.06000000,476.23714000,1758700799999,53426347.19768600,116646,228.13702000,25604627.10187890,0
1758700800000,112637.06000000,113195.58000000,112452.18000000,113069.61000000,413.46716000,1758715199999,46651443.83299880,84058,235.26284000,26546453.50222500,0
1758715200000,113069.60000000,113954.78000000,112849.97000000,113412.00000000,649.39723000,1758729599999,73618596.66217000,127186,356.34198000,40400071.27720420,0
1758729600000,113412.00000000,114013.86000000,113223.42000000,113494.43000000,655.03409000,1758743999999,74406510.68978450,105078,480.49056000,54569153.11677350,0
1758744000000,113494.99000000,113711.60000000,113267.61000000,113374.03000000,464.33139000,1758758399999,52715475.64216150,59283,302.86315000,34388486.69545540,0
1758758400000,113374.03000000,113577.67000000,112256.82000000,112579.61000000,804.25310000,1758772799999,90765644.59500750,149535,369.62058000,41707608.80983190,0
1758772800000,112579.62000000,112661.23000000,111476.35000000,111807.00000000,729.16609000,1758787199999,81563519.06192850,116623,250.75409000,28051244.80789970,0
1758787200000,111807.00000000,112291.00000000,111333.33000000,111400.99000000,455.03674000,1758801599999,50855254.50064000,89240,220.52502000,24650506.85575200,0
1758801600000,111400.99000000,111796.00000000,110678.79000000,111662.13000000,1673.58366000,1758815999999,186346331.32225770,178517,1036.56613000,115414495.51803790,0
1758816000000,111662.13000000,111749.16000000,108702.79000000,109417.00000000,2044.61210000,1758830399999,224586017.86022280,243819,781.39929000,85866351.17448720,0
1758830400000,109418.99000000,109754.41000000,108829.25000000,109057.98000000,621.91976000,1758844799999,68000828.75813830,123654,317.42599000,34712430.30781970,0
1758844800000,109057.98000000,109877.99000000,108877.66000000,109651.57000000,490.34618000,1758859199999,53692454.19662470,124781,242.34833000,26535179.70700830,0
1758859200000,109651.56000000,109706.99000000,109016.00000000,109421.01000000,861.07933000,1758873599999,94134674.02041590,109938,538.69299000,58861955.71642850,0
1758873600000,109421.00000000,109837.28000000,108700.00000000,109215.42000000,624.63002000,1758887999999,68262876.47597730,98345,309.48155000,33825003.76867420,0
1758888000000,109215.41000000,109867.01000000,108844.11000000,109094.02000000,1249.78356000,1758902399999,136627543.62305980,138186,376.10742000,41110765.86872160,0
1758902400000,109094.02000000,110391.97000000,109094.02000000,109252.96000000,724.33167000,1758916799999,79518077.26884920,110934,339.51836000,37273093.68653840,0
1758916800000,109252.97000000,109768.37000000,109175.10000000,109717.12000000,214.77012000,1758931199999,23510267.62045150,39290,114.09109000,12490477.80364690,0
1758931200000,109717.13000000,109841.98000000,109401.00000000,109636.22000000,289.75310000,1758945599999,31758317.51837970,45162,148.01666000,16223245.48165170,0
1758945600000,109636.22000000,109820.37000000,109410.50000000,109484.34000000,195.11343000,1758959999999,21393209.13567920,27699,118.70964000,13015318.99864840,0
1758960000000,109484.34000000,109550.00000000,109149.00000000,109392.34000000,250.38582000,1758974399999,27384807.08934120,35276,100.60615000,11005514.34110230,0
1758974400000,109392.34000000,109550.00000000,109271.88000000,109469.01000000,280.03673000,1758988799999,30638319.19528200,35467,92.44962000,10114283.89132870,0
1758988800000,109469.01000000,109512.36000000,109319.22000000,109490.01000000,204.00032000,1759003199999,22326341.85475800,35520,111.55900000,12208964.63784630,0
1759003200000,109490.01000000,109769.83000000,109424.94000000,109703.99000000,166.25276000,1759017599999,18225281.77739420,29888,102.42498000,11229702.62872720,0
1759017600000,109703.99000000,109861.73000000,109405.00000000,109517.00000000,252.69172000,1759031999999,27693469.67674860,44080,125.35612000,13738590.49764660,0
1759032000000,109517.00000000,109606.84000000,109333.18000000,109578.01000000,155.40483000,1759046399999,17013454.25933550,18762,70.69580000,7740549.82356190,0
1759046400000,109578.01000000,109645.91000000,109325.00000000,109443.01000000,274.77158000,1759060799999,30083186.91504090,37666,111.27858000,12186034.97271570,0
1759060800000,109443.01000000,110090.40000000,109254.79000000,110087.99000000,389.79450000,1759075199999,42735277.31930110,51779,226.80169000,24871839.74415130,0
1759075200000,110088.98000000,110458.43000000,110050.02000000,110375.54000000,319.50868000,1759089599999,35231921.13762490,56397,160.60665000,17710482.22237660,0
1759089600000,110375.54000000,112404.78000000,110344.19000000,112224.95000000,558.03348000,1759103999999,62223710.21452910,106575,323.58090000,36074229.91105900,0
1759104000000,112224.95000000,112382.94000000,111639.27000000,111934.31000000,466.56620000,1759118399999,52273064.90140740,74523,200.54015000,22464440.93492430,0
1759118400000,111934.31000000,111960.94000000,111601.73000000,111920.63000000,403.96577000,1759132799999,45166841.97351710,56947,129.72165000,14504797.02775930,0
1759132800000,111920.63000000,112469.07000000,111920.63000000,112166.01000000,358.72438000,1759147199999,40240449.85253750,64735,185.50721000,20810301.30575410,0
1759147200000,112166.01000000,114324.54000000,111961.89000000,113891.99000000,1038.69924000,1759161599999,117784948.76912340,174178,549.59143000,62325887.96936230,0
1759161600000,113891.99000000,114475.41000000,113528.52000000,114344.76000000,1031.94187000,1759175999999,117693304.00102720,70573,585.66357000,66808800.01454900,0
1759176000000,114344.76000000,114500.00000000,114097.13000000,114400.55000000,457.83015000,1759190399999,52345031.90169990,49453,239.86669000,27426818.61311890,0
1759190400000,114400.00000000,114874.00000000,114125.02000000,114464.05000000,499.51173000,1759204799999,57226424.89183020,86632,251.44492000,28807997.60508420,0
1759204800000,114464.05000000,114464.05000000,113664.60000000,113785.27000000,425.44231000,1759219199999,48514343.58957390,68978,153.85412000,17541156.48581040,0
1759219200000,113785.27000000,113834.46000000,112740.17000000,113132.62000000,736.61474000,1759233599999,83456391.63628620,112740,354.42736000,40130655.86949280,0
1759233600000,113132.62000000,113759.45000000,112941.17000000,113169.53000000,795.67816000,1759247999999,90160010.75010680,133774,414.96581000,47017080.83226000,0
1759248000000,113169.53000000,114626.99000000,112841.32000000,114424.54000000,1269.40449000,1759262399999,144508970.80526860,140938,697.10058000,79362015.08100280,0
1759262400000,114424.54000000,114807.69000000,113766.63000000,114090.00000000,457.58368000,1759276799999,52293139.73199170,69896,225.56189000,25784341.68668750,0
1759276800000,114090.00000000,114600.81000000,114007.10000000,114230.02000000,461.41081000,1759291199999,52759594.94114110,71899,184.30936000,21075333.06104810,0
1759291200000,114234.49000000,114793.33000000,114198.20000000,114598.88000000,443.06119000,1759305599999,50745585.64762480,76339,206.34845000,23632932.17371220,0
1759305600000,114598.88000000,116858.99000000,114538.87000000,116857.00000000,1194.67317000,1759319999999,138533624.86138390,160230,629.10713000,72963284.86065500,0
1759320000000,116857.01000000,117740.06000000,116433.50000000,117517.01000000,947.19349000,1759334399999,110917482.79477120,161821,472.25583000,55319549.08773270,0
1759334400000,117517.02000000,118297.00000000,116809.20000000,117516.25000000,1607.92121000,1759348799999,188936082.10319030,176179,907.09178000,106566084.68946590,0
1759348800000,117516.24000000,118736.86000000,117244.01000000,118682.89000000,706.54121000,1759363199999,83387568.20761900,89984,374.39418000,44209641.43695090,0
1759363200000,118682.03000000,119536.66000000,118444.91000000,118807.35000000,1057.34299000,1759377599999,125746463.86135790,140486,593.83226000,70637107.75587770,0
1759377600000,118807.35000000,119000.00000000,118337.53000000,118575.00000000,486.19124000,1759391999999,57671982.17968610,67561,250.49499000,29720301.59745430,0
1759392000000,118575.01000000,119000.00000000,118436.01000000,118849.68000000,413.44125000,1759406399999,49097255.41942230,57401,223.67145000,26561459.54205610,0
1759406400000,118849.67000000,119998.00000000,118612.01000000,119997.99000000,1160.83738000,1759420799999,138521345.11854500,173241,516.79267000,61671016.04541800,0
1759420800000,119997.99000000,121128.00000000,119434.26000000,120937.04000000,1504.09704000,1759435199999,181075548.53078720,194482,860.53053000,103651107.99682740,0
1759435200000,120937.04000000,121014.50000000,120162.53000000,120625.99000000,496.41280000,1759449599999,59847346.04539280,80227,241.96245000,29173388.29222380,0
1759449600000,120625.99000000,120667.07000000,119929.60000000,120330.81000000,431.29289000,1759463999999,51882962.25530820,72435,176.28441000,21211547.34202500,0
1759464000000,120330.81000000,120429.66000000,119723.80000000,119751.28000000,366.02611000,1759478399999,43932554.83398890,60966,180.40467000,21653132.86918710,0
1759478400000,119751.28000000,120621.52000000,119348.49000000,120448.22000000,574.11867000,1759492799999,68980035.55443650,76029,308.96925000,37138214.35314570,0
1759492800000,120448.23000000,122480.00000000,119977.28000000,122374.02000000,1172.72005000,1759507199999,141958929.19241760,183848,631.38318000,76513393.36020190,0
1759507200000,122374.99000000,123999.00000000,121577.86000000,122774.01000000,2442.82471000,1759521599999,300079354.57475680,290996,1325.70189000,162873685.53973670,0
1759521600000,122774.02000000,122838.69000000,122113.90000000,122335.78000000,465.60508000,1759535999999,57023251.14847830,68563,268.14840000,32841146.39656030,0
1759536000000,122335.79000000,122441.89000000,121797.00000000,122349.94000000,434.08339000,1759550399999,52977198.07281230,68105,205.80105000,25116553.47796750,0
1759550400000,122349.95000000,122920.97000000,122326.13000000,122417.54000000,236.60677000,1759564799999,29003567.05714530,49452,131.98247000,16178906.00744060,0
1759564800000,122417.55000000,122628.80000000,122051.13000000,122064.21000000,241.10595000,1759579199999,29497833.38235740,44890,109.18719000,13360137.97712510,0
1759579200000,122064.20000000,122600.01000000,121791.60000000,121881.99000000,444.04952000,1759593599999,54262053.28755750,66456,206.37198000,25228224.86764410,0
1759593600000,121884.20000000,122083.70000000,121605.75000000,122058.14000000,408.80937000,1759607999999,49812239.70663100,54356,198.38828000,24174716.73161700,0
1759608000000,122058.15000000,122499.97000000,121954.65000000,122480.58000000,222.87546000,1759622399999,27239697.44997420,29091,133.77529000,16349437.04584390,0
1759622400000,122480.58000000,124427.34000000,122214.26000000,123855.16000000,1149.22245000,1759636799999,142119738.86677700,115182,636.10797000,78645577.32587150,0
1759636800000,123852.03000000,125778.22000000,123813.20000000,124772.56000000,1649.30304000,1759651199999,206191871.65005380,148160,833.61602000,104239512.74878900,0
1759651200000,124772.56000000,124882.76000000,122555.65000000,123517.92000000,1270.20973000,1759665599999,156887237.52486440,127501,584.51406000,72189126.39418760,0
1759665600000,123517.92000000,123517.92000000,122724.00000000,122855.27000000,380.34812000,1759679999999,46834064.32994980,58493,144.04697000,17736569.27650160,0
1759680000000,122855.27000000,123528.66000000,122353.97000000,122645.38000000,501.85141000,1759694399999,61694688.32793280,81543,216.90106000,26674687.73543780,0
1759694400000,122645.37000000,123592.00000000,122518.50000000,123529.91000000,458.01818000,1759708799999,56405358.61031360,64264,250.05978000,30810382.39285770,0
1759708800000,123529.91000000,124421.00000000,123136.67000000,123916.17000000,753.91972000,1759723199999,93357067.15049470,116704,377.78295000,46780184.41352890,0
1759723200000,123916.17000000,124221.04000000,123340.00000000,123449.01000000,560.57333000,1759737599999,69372585.63070330,90685,236.96074000,29324024.15006780,0
1759737600000,123449.01000000,124599.01000000,123449.00000000,124291.28000000,666.89308000,1759751999999,82724219.65580740,84026,270.34778000,33543792.90960740,0
1759752000000,124286.83000000,125490.00000000,124245.58000000,125072.98000000,1215.22330000,1759766399999,151738915.57809340,200305,587.80358000,73394058.97586680,0
1759766400000,125072.98000000,126296.00000000,124889.79000000,125494.99000000,1694.53680000,1759780799999,212904228.42408600,163813,1006.54028000,126490703.92094010,0
1759780800000,125494.98000000,125624.54000000,124597.99000000,124750.19000000,585.32822000,1759795199999,73221434.43250580,82116,280.63952000,35110191.44298670,0
1759795200000,124750.19000000,125168.77000000,124180.01000000,124401.92000000,371.78569000,1759809599999,46336306.78183120,70164,168.73873000,21032472.01225020,0
1759809600000,124401.04000000,124744.16000000,123667.05000000,123768.59000000,582.27915000,1759823999999,72307890.11087540,80106,314.27240000,39041705.99513010,0
1759824000000,123768.58000000,124623.72000000,123409.08000000,124568.99000000,492.44299000,1759838399999,61095374.09525140,83370,246.82205000,30635578.60049310,0
1759838400000,124568.99000000,125256.95000000,121275.32000000,121937.01000000,1936.55664000,1759852799999,238138728.92469090,243132,914.69639000,112513730.70923990,0
1759852800000,121937.01000000,122174.67000000,120662.98000000,121709.58000000,1512.94383000,1759867199999,183782694.94371000,181304,772.02648000,93832021.56254170,0
1759867200000,121709.58000000,122376.65000000,121340.62000000,121419.00000000,481.70087000,1759881599999,58763515.32923230,83559,235.45447000,28729392.27313690,0
1759881600000,121419.01000000,122303.24000000,121303.03000000,121451.43000000,458.28154000,1759895999999,55826562.70062870,100744,216.01773000,26321411.85533140,0
1759896000000,121451.43000000,121971.59000000,121122.97000000,121653.80000000,447.23325000,1759910399999,54376457.53460830,92362,209.85202000,25514787.45890640,0
1759910400000,121653.80000000,123259.26000000,121584.84000000,122937.61000000,513.20422000,1759924799999,62948283.61327250,91939,304.70385000,37384542.09053180,0
1759924800000,122937.61000000,123402.43000000,121715.00000000,122242.13000000,733.88645000,1759939199999,89978387.93525400,143043,371.79909000,45602803.22476210,0
1759939200000,122240.78000000,124258.35000000,122158.00000000,123495.03000000,1073.89162000,1759953599999,132655433.21366040,153115,539.86577000,66676924.03733450,0
1759953600000,123495.02000000,123763.24000000,122844.54000000,123359.01000000,308.07154000,1759967999999,37993003.11456000,48537,129.65653000,15993071.65431780,0
1759968000000,123359.01000000,123397.76000000,121529.00000000,122091.18000000,527.05435000,1759982399999,64514345.88413660,92346,239.72111000,29330678.82008760,0
1759982400000,122091.18000000,122315.20000000,121775.23000000,121964.52000000,452.63266000,1759996799999,55247642.18856780,70491,235.00709000,28685598.77428180,0
1759996800000,121964.52000000,122891.45000000,121193.78000000,122794.34000000,694.81395000,1760011199999,84782005.90132680,121765,352.41669000,43013143.20224090,0
1760011200000,122794.34000000,123815.00000000,120739.48000000,121217.54000000,1527.14963000,1760025599999,186740782.52276200,195313,727.42324000,88968289.57642840,0
1760025600000,121217.55000000,121554.92000000,119739.80000000,121054.58000000,1458.68553000,1760039999999,175874302.88558600,169583,707.96843000,85327240.48748290,0
1760040000000,121058.87000000,121843.95000000,120913.66000000,121723.60000000,501.42407000,1760054399999,60829180.99896020,63262,271.18005000,32894714.94133070,0
1760054400000,121723.60000000,121962.35000000,120987.95000000,121090.97000000,433.58874000,1760068799999,52658365.29623080,74653,154.16705000,18729488.99971360,0
1760068800000,121090.97000000,121819.37000000,120930.01000000,120999.99000000,391.02048000,1760083199999,47477810.78221430,88856,193.10439000,23450645.28853320,0
1760083200000,120999.99000000,121838.56000000,120984.98000000,121614.49000000,294.19422000,1760097599999,35740515.21441500,64435,156.07889000,18960866.76270820,0
1760097600000,121614.50000000,122587.45000000,118531.25000000,119072.99000000,1828.77328000,1760111999999,219982284.12092820,232773,816.16659000,98272392.43364920,0
1760112000000,119076.97000000,119491.99000000,115975.00000000,116684.42000000,1898.51221000,1760126399999,223541071.45300670,255209,797.75017000,93953467.10634120,0
1760126400000,116689.99000000,117242.13000000,102000.00000000,112978.92000000,10456.08435000,1760140799999,1173679596.30138700,1571543,5057.44565000,568799371.95886580,0
1760140800000,112978.92000000,113467.25000000,111191.48000000,112443.15000000,2459.49309000,1760155199999,276159803.45199270,252762,1139.00740000,127877683.98585660,0
1760155200000,112443.14000000,113125.33000000,110215.23000000,110504.81000000,1387.18769000,1760169599999,155093338.49725950,156814,635.95902000,71156566.86986500,0
1760169600000,110508.00000000,112459.45000000,110289.00000000,112387.78000000,1065.49545000,1760183999999,118858318.65348550,159150,546.64451000,60986137.56705230,0
1760184000000,112387.77000000,112627.68000000,111908.03000000,111908.03000000,719.50137000,1760198399999,80780480.64383500,140970,349.23857000,39205505.09004190,0
1760198400000,111908.04000000,112308.65000000,110974.63000000,111312.36000000,786.80022000,1760212799999,87951685.76930960,136830,321.46727000,35929222.26327620,0
1760212800000,111312.37000000,111496.68000000,109693.74000000,110775.00000000,1156.05118000,1760227199999,127954410.18809900,178836,532.92349000,59009639.34440010,0
1760227200000,110775.00000000,111474.32000000,109693.00000000,110802.99000000,986.13177000,1760241599999,108895352.86142710,186484,486.92248000,53763464.75512050,0
1760241600000,110802.99000000,112219.03000000,110720.77000000,111634.56000000,782.27707000,1760255999999,87358232.08981780,114740,387.28878000,43252171.83969160,0
1760256000000,111634.56000000,112160.00000000,111206.82000000,111893.27000000,801.17133000,1760270399999,89483097.96048380,91202,346.50978000,38707890.11740960,0
1760270400000,111893.26000000,113798.45000000,111222.74000000,113255.60000000,2124.03676000,1760284799999,238906558.67673250,216309,997.24451000,112185730.20589470,0
1760284800000,113255.61000000,114761.00000000,113255.61000000,114422.58000000,1577.53335000,1760299199999,179987114.42897800,188653,826.77346000,94341498.32639950,0
1760299200000,114422.58000000,115845.39000000,114368.79000000,115073.27000000,1103.58986000,1760313599999,127116815.44100530,158557,573.43127000,66056685.73853590,0
1760313600000,115073.27000000,116080.00000000,114730.08000000,114933.61000000,920.13598000,1760327999999,106236466.61900340,112194,512.48488000,59192537.40430890,0
1760328000000,114931.86000000,115637.63000000,114460.00000000,115478.10000000,735.46024000,1760342399999,84559144.46430270,104442,328.10107000,37731075.25973050,0
1760342400000,115478.09000000,115519.73000000,113717.76000000,114287.74000000,821.90302000,1760356799999,94319974.19021060,134078,357.00814000,40974057.01157290,0
1760356800000,114287.73000000,115632.18000000,113906.25000000,114429.87000000,1425.49658000,1760371199999,163533666.52026720,217289,708.45373000,81275471.92623920,0
1760371200000,114429.87000000,115999.98000000,114328.85000000,115903.92000000,991.19640000,1760385599999,114076770.28085510,142473,507.18462000,58387622.68288470,0
1760385600000,115903.93000000,115988.99000000,115111.11000000,115280.89000000,376.11999000,1760399999999,43495466.71796340,63437,147.80327000,17096072.09094050,0
1760400000000,115280.90000000,115524.56000000,113368.00000000,113590.87000000,616.93882000,1760414399999,70464992.15777160,102961,256.07913000,29232717.37113690,0
1760414400000,113590.88000000,113778.63000000,111451.84000000,111795.25000000,1383.46759000,1760428799999,155738121.09661670,177276,626.23699000,70511947.18140520,0
1760428800000,111798.01000000,112248.46000000,110140.00000000,111404.98000000,1274.09891000,1760443199999,141787041.66690390,166333,591.95287000,65892826.34135230,0
1760443200000,111404.99000000,112979.35000000,109961.01000000,112965.00000000,1531.29033000,1760457599999,170459451.41170730,216107,744.30799000,82911538.11053540,0
1760457600000,112964.99000000,113604.55000000,111765.00000000,112669.12000000,1694.40587000,1760471999999,191188155.14728040,211783,777.62878000,87759799.08263720,0
1760472000000,112669.12000000,113650.00000000,112284.36000000,113100.12000000,504.56714000,1760486399999,57058237.97140360,99247,258.81495000,29272659.91145840,0
1760486400000,113090.14000000,113682.16000000,111890.97000000,112087.81000000,581.18022000,1760500799999,65536237.61862400,155994,252.39319000,28472162.06483400,0
1760500800000,112093.60000000,112766.65000000,111815.94000000,112645.66000000,605.87374000,1760515199999,68093385.89086150,127281,290.01049000,32596693.15336490,0
1760515200000,112645.66000000,113600.00000000,111779.59000000,111999.63000000,826.36033000,1760529599999,93078218.37484970,120369,403.35690000,45452198.96611180,0
1760529600000,111999.62000000,112323.97000000,110456.08000000,110873.72000000,1523.79889000,1760543999999,169742650.74264290,205581,690.27070000,76911103.66153300,0
1760544000000,110873.72000000,111628.13000000,110226.59000000,111313.19000000,937.09614000,1760558399999,103982038.50229020,135056,449.13844000,49830085.19796670,0
1760558400000,111327.78000000,111624.24000000,110560.96000000,110817.07000000,665.62602000,1760572799999,73925742.86830540,119732,308.19018000,34234328.61442810,0
1760572800000,110817.07000000,111922.48000000,110416.88000000,111396.24000000,535.72896000,1760587199999,59576927.82743590,101101,243.47586000,27077560.68235900,0
1760587200000,111398.49000000,111819.97000000,110599.37000000,110616.01000000,665.86969000,1760601599999,74052686.33332450,88164,285.48796000,31743899.20377860,0
1760601600000,110615.45000000,111770.51000000,109659.88000000,111455.01000000,1166.86356000,1760615999999,129439320.51343640,125802,498.45538000,55308328.08865070,0
1760616000000,111455.02000000,112030.91000000,108397.21000000,108610.01000000,2256.05207000,1760630399999,248679105.07948660,187960,919.93229000,101397785.14542390,0
1760630400000,108603.14000000,109321.00000000,107620.56000000,108254.83000000,2392.63355000,1760644799999,259138269.37445210,227411,1193.14710000,129203898.59919260,0
1760644800000,108254.84000000,108560.28000000,107400.00000000,108215.80000000,978.24626000,1760659199999,105670813.81311450,135199,416.09126000,44972326.90991100,0
1760659200000,108215.81000000,109272.29000000,107958.94000000,109209.80000000,664.80165000,1760673599999,72305927.88882920,113801,358.89737000,39038257.42341440,0
1760673600000,109209.80000000,109272.72000000,105549.00000000,105639.60000000,1682.78454000,1760687999999,180350747.61926570,180683,626.70685000,67187208.38130730,0
1760688000000,105639.60000000,106615.78000000,103529.01000000,105693.16000000,3091.06995000,1760702399999,324932839.13086400,216278,1560.72025000,164107586.56486680,0
1760702400000,105693.15000000,106870.99000000,104550.43000000,106805.23000000,1737.70236000,1760716799999,183522351.42422260,171260,886.58355000,93667307.02759490,0
1760716800000,106805.23000000,107590.66000000,106100.00000000,106484.40000000,1095.77067000,1760731199999,116969517.03123480,133507,602.82935000,64355909.62993300,0
1760731200000,106488.59000000,107489.44000000,106377.47000000,106474.21000000,480.14791000,1760745599999,51381482.75196820,68839,235.58294000,25210121.64401650,0
1760745600000,106474.22000000,107350.82000000,106370.03000000,107127.90000000,566.66920000,1760759999999,60582606.21070800,78980,271.42678000,29014788.87356210,0
1760760000000,107127.98000000,107548.39000000,106493.25000000,106742.90000000,466.95815000,1760774399999,49933491.69569420,76574,199.26273000,21316168.00316000,0
1760774400000,106739.40000000,107275.96000000,106660.70000000,107256.65000000,335.33006000,1760788799999,35852552.95992920,60136,175.53007000,18770901.62925330,0
1760788800000,107256.65000000,107354.60000000,106786.00000000,106996.01000000,305.57737000,1760803199999,32706335.19362990,55200,163.04978000,17450821.68426330,0
1760803200000,106996.01000000,107136.95000000,106525.59000000,107119.63000000,259.43275000,1760817599999,27716665.68228050,41070,122.37171000,13074373.08375680,0
1760817600000,107119.63000000,107389.98000000,106893.36000000,107226.02000000,229.74170000,1760831999999,24620927.92592940,38203,106.11470000,11372320.24629470,0
1760832000000,107226.01000000,107396.21000000,106780.07000000,107302.78000000,305.36257000,1760846399999,32685397.86726930,57373,130.68929000,13990613.88881770,0
1760846400000,107302.79000000,107323.30000000,106590.31000000,106811.75000000,277.72588000,1760860799999,29705386.31932410,44746,114.04087000,12194761.19212370,0
1760860800000,106811.75000000,108288.50000000,106136.22000000,107829.91000000,1418.43533000,1760875199999,152083279.10258000,145370,733.39849000,78667985.42036810,0
1760875200000,107829.91000000,108662.06000000,107396.75000000,108527.93000000,691.95543000,1760889599999,74854757.99631150,111211,321.83657000,34820404.71079690,0
1760889600000,108527.93000000,109500.00000000,108289.56000000,108955.10000000,775.50222000,1760903999999,84562728.24027720,107228,408.42693000,44534764.27101280,0
1760904000000,108955.10000000,109416.97000000,108485.00000000,108689.01000000,560.90063000,1760918399999,61101187.03201110,79332,255.71529000,27860157.20833220,0
1760918400000,108689.01000000,110466.00000000,107471.07000000,110171.78000000,1151.84982000,1760932799999,125120533.49562450,143714,625.40749000,67954292.68791180,0
1760932800000,110181.50000000,111458.11000000,109995.60000000,111224.22000000,1174.73228000,1760947199999,130290434.06583140,136364,600.25654000,66576839.51451190,0
1760947200000,111224.21000000,111712.00000000,110669.33000000,111066.80000000,661.25152000,1760961599999,73439696.32747830,104698,315.92855000,35093098.13185910,0
1760961600000,111066.80000000,111742.83000000,110625.01000000,111189.26000000,958.93275000,1760975999999,106556597.33453290,140597,387.57125000,43067394.34244070,0
1760976000000,111189.26000000,111358.51000000,109891.44000000,110852.01000000,1047.12646000,1760990399999,115876062.46409650,154695,471.78520000,52218540.58757250,0
1760990400000,110847.92000000,111310.01000000,110446.75000000,110577.51000000,544.21172000,1761004799999,60346259.58281970,70407,264.87408000,29384571.29183030,0
1761004800000,110577.50000000,110577.51000000,109109.53000000,109112.09000000,667.04310000,1761019199999,73256618.71505530,102835,271.11691000,29773923.46719370,0
1761019200000,109112.08000000,109112.08000000,107515.36000000,108114.02000000,1139.44572000,1761033599999,123092242.31346960,139581,531.79596000,57443281.87877770,0
1761033600000,108114.02000000,108856.51000000,107515.75000000,108614.52000000,860.83860000,1761047999999,93022677.92586720,101374,452.40708000,48894091.37393440,0
1761048000000,108614.53000000,113610.55000000,107946.37000000,113481.51000000,2831.15689000,1761062399999,314013133.66379470,255765,1451.86719000,161033314.43671640,0
1761062400000,113481.51000000,114075.77000000,111387.84000000,111845.00000000,1791.81024000,1761076799999,201860093.44350500,174023,849.29436000,95725500.67925800,0
1761076800000,111845.01000000,111869.93000000,108100.00000000,108369.01000000,1721.44676000,1761091199999,189107781.54979630,175200,764.44137000,83969941.57709210,0
1761091200000,108369.00000000,108740.17000000,107894.69000000,108276.19000000,785.43841000,1761105599999,85048227.66370450,104287,381.15819000,41278992.53650470,0
1761105600000,108276.20000000,108706.48000000,107490.74000000,108380.12000000,749.59871000,1761119999999,81092491.63653890,83725,352.59184000,38150383.23404720,0
1761120000000,108380.11000000,108421.77000000,106700.00000000,107603.60000000,1214.17257000,1761134399999,130882007.96036000,118482,569.69982000,61426609.16776350,0
1761134400000,107603.60000000,109200.00000000,107500.01000000,108429.84000000,2451.46037000,1761148799999,265383257.64572580,206770,1229.17694000,133089446.34878730,0
1761148800000,108436.81000000,108815.81000000,107470.66000000,107891.37000000,1461.80562000,1761163199999,158100992.18878160,137101,645.05211000,69782998.29147420,0
1761163200000,107891.36000000,108088.29000000,106700.00000000,107603.52000000,1265.40197000,1761177599999,135826590.10237800,115111,563.31201000,60480033.47904700,0
1761177600000,107603.53000000,108748.36000000,107520.69000000,108400.68000000,656.14209000,1761191999999,70992624.70269800,78249,338.29894000,36605436.82010850,0
1761192000000,108403.92000000,110352.13000000,108375.75000000,109307.72000000,980.94439000,1761206399999,107417728.46048880,80935,495.21883000,54206566.84184070,0
1761206400000,109307.71000000,109955.63000000,109145.40000000,109290.22000000,598.33617000,1761220799999,65534087.46523370,67018,272.14009000,29813082.27485170,0
1761220800000,109290.23000000,110153.83000000,108717.95000000,109944.67000000,1054.01121000,1761235199999,115297991.31577240,121106,528.16132000,57791979.93851310,0
1761235200000,109944.67000000,111344.41000000,109671.16000000,110249.68000000,1345.17504000,1761249599999,148760418.62702390,126984,704.01495000,77852845.10829300,0
1761249600000,110249.69000000,110251.40000000,109369.38000000,110113.58000000,590.48340000,1761263999999,64880590.68555720,55486,281.78239000,30962196.04820390,0
1761264000000,110113.58000000,110858.81000000,110034.60000000,110492.00000000,495.06462000,1761278399999,54690611.58635520,70702,233.35788000,25779429.26362400,0
1761278400000,110491.99000000,111567.99000000,110380.11000000,111094.90000000,614.16132000,1761292799999,68279474.70592170,79912,337.96429000,37572463.36926510,0
1761292800000,111094.90000000,111530.33000000,110636.12000000,111105.38000000,530.16754000,1761307199999,58910894.52602580,74107,271.25201000,30137556.42137520,0
1761307200000,111105.38000000,112176.46000000,109725.00000000,110075.61000000,1558.31269000,1761321599999,172699514.18775450,175855,779.04124000,86337781.90826900,0
1761321600000,110075.62000000,110961.30000000,109827.38000000,110636.77000000,498.39361000,1761335999999,55034058.33355790,75744,293.78386000,32442425.20469050,0
1761336000000,110636.78000000,111167.00000000,110502.53000000,111035.94000000,283.51119000,1761350399999,31440295.76210530,44071,141.13448000,15649299.88353660,0
1761350400000,111035.94000000,111253.60000000,110700.34000000,111052.27000000,200.06000000,1761364799999,22205150.55127390,32315,79.13214000,8784173.90050250,0
1761364800000,111052.27000000,111838.45000000,111052.27000000,111521.07000000,410.19572000,1761379199999,45724042.95436260,45920,241.68623000,26947553.56632990,0
1761379200000,111521.08000000,111860.93000000,111409.38000000,111598.19000000,444.42191000,1761393599999,49628979.92117840,45848,191.54295000,21391062.80726420,0
1761393600000,111598.20000000,111977.25000000,111339.48000000,111412.21000000,426.24393000,1761407999999,47616538.24111090,44183,223.01033000,24913048.63212650,0
1761408000000,111412.22000000,111758.82000000,111200.00000000,111645.85000000,313.42867000,1761422399999,34938974.72481750,38243,161.42040000,17993538.76859570,0
1761422400000,111645.84000000,111709.73000000,111361.15000000,111672.09000000,191.64338000,1761436799999,21372510.30904490,27692,89.65962000,9998657.28540440,0
1761436800000,111672.09000000,111950.86000000,111276.25000000,111283.99000000,269.98452000,1761451199999,30135490.33030910,37365,127.22331000,14201053.26848500,0
1761451200000,111283.99000000,111750.00000000,111277.70000000,111750.00000000,148.87167000,1761465599999,16610861.63449790,20288,85.20693000,9506812.16840470,0
1761465600000,111750.00000000,113490.07000000,111692.93000000,113306.19000000,918.56804000,1761479999999,103429762.09243930,102068,481.39489000,54193418.83666560,0
1761480000000,113303.42000000,114027.00000000,113291.84000000,113715.99000000,1016.53242000,1761494399999,115525487.91842430,112611,504.73913000,57366370.47509670,0
1761494400000,113715.99000000,113812.33000000,113299.80000000,113610.13000000,426.62050000,1761508799999,48464810.43372690,43441,233.04941000,26480289.56401860,0
1761508800000,113610.12000000,115497.00000000,112902.35000000,114574.42000000,1053.30247000,1761523199999,120501346.50745480,119630,496.25724000,56782615.53981410,0
1761523200000,114571.34000000,115472.45000000,114373.21000000,114993.89000000,839.56341000,1761537599999,96567106.65750530,102561,396.61663000,45617755.67186320,0
1761537600000,114994.42000000,116416.84000000,114957.47000000,115565.31000000,961.29053000,1761551999999,111246131.97111240,101906,516.54249000,59782836.67235850,0
1761552000000,115565.30000000,115626.05000000,114836.48000000,115361.05000000,595.28665000,1761566399999,68623276.60429040,94318,249.25022000,28728941.85077500,0
1761566400000,115366.79000000,115448.23000000,114514.00000000,114980.57000000,720.27696000,1761580799999,82817153.59119780,125600,343.02160000,39446493.69662360,0
1761580800000,114980.58000000,115808.36000000,114805.01000000,114970.97000000,558.84550000,1761595199999,64455856.76396540,91703,273.91367000,31595725.34476290,0
1761595200000,114971.49000000,114971.49000000,113840.01000000,114119.20000000,636.42731000,1761609599999,72766102.36353190,81027,284.48295000,32520383.31255400,0
1761609600000,114119.20000000,114544.79000000,113591.99000000,113922.88000000,591.44759000,1761623999999,67457707.96017970,89003,320.83184000,36602300.24567520,0
1761624000000,113922.87000000,114367.89000000,113472.73000000,114192.80000000,502.28035000,1761638399999,57236662.27834150,81570,264.23448000,30116974.53006180,0
1761638400000,114192.80000000,114678.11000000,114119.65000000,114357.77000000,342.33019000,1761652799999,39179899.67372660,50926,165.16450000,18902098.75369370,0
1761652800000,114357.77000000,116104.12000000,114150.00000000,114640.86000000,1089.01791000,1761667199999,125404352.84678600,156122,570.98390000,65768193.73383190,0
1761667200000,114649.16000000,115608.95000000,113565.21000000,113708.37000000,829.12432000,1761681599999,95112176.62566300,122908,381.33746000,43738008.20790150,0
1761681600000,113702.57000000,113726.59000000,112216.02000000,112925.50000000,936.34571000,1761695999999,105691603.10543850,128261,452.46769000,51072910.25068320,0
1761696000000,112925.50000000,112991.45000000,112111.81000000,112547.00000000,472.05286000,1761710399999,53144881.54896210,79354,222.84747000,25089454.62801890,0
1761710400000,112547.00000000,113614.36000000,112524.49000000,113596.78000000,391.81441000,1761724799999,44325834.86897120,66492,217.90849000,24651652.35586740,0
1761724800000,113596.79000000,113656.34000000,112760.01000000,113160.18000000,388.60096000,1761739199999,43948886.04846290,75619,176.25917000,19936506.64659210,0
1761739200000,113160.18000000,113686.81000000,111389.65000000,111528.00000000,1065.45261000,1761753599999,119894477.52634840,150256,498.95465000,56164045.91219060,0
1761753600000,111528.00000000,112031.99000000,109284.24000000,110681.94000000,1947.87321000,1761767999999,215955937.20581100,252776,935.19409000,103722638.26801320,0
1761768000000,110681.94000000,111828.79000000,109765.01000000,110051.01000000,697.59148000,1761782399999,77410530.28511060,110887,350.90644000,38959730.60098410,0
1761782400000,110049.03000000,111026.15000000,109755.98000000,110775.26000000,435.26303000,1761796799999,48116524.61504350,90127,230.54602000,25487170.78802490,0
1761796800000,110769.84000000,111624.99000000,107948.79000000,111376.01000000,1553.84544000,1761811199999,170235356.34617570,199973,790.47293000,86639283.57878610,0
1761811200000,111376.01000000,111451.04000000,109702.72000000,109720.47000000,864.45944000,1761825599999,95436159.56833900,95654,479.02275000,52893829.34883550,0
1761825600000,109720.47000000,109794.81000000,107334.41000000,107721.00000000,1521.09549000,1761839999999,164627081.38431690,203602,711.20669000,76998470.39744610,0
1761840000000,107723.50000000,108235.39000000,106301.44000000,106533.54000000,1158.78912000,1761854399999,124215681.23815480,165462,588.22996000,63073098.20973840,0
1761854400000,106523.12000000,108354.60000000,106313.36000000,108317.02000000,710.92548000,1761868799999,76421445.76615380,115533,402.03827000,43224155.52271760,0
1761868800000,108317.02000000,110034.89000000,108277.30000000,109231.36000000,950.18535000,1761883199999,103776929.68932860,112419,509.38163000,55626026.75266990,0
1761883200000,109231.36000000,110217.68000000,109106.27000000,109441.99000000,728.94203000,1761897599999,79994440.51021780,84782,392.02322000,43025874.36877130,0
1761897600000,109441.99000000,110537.17000000,109191.60000000,110405.03000000,728.74937000,1761911999999,80076888.04360150,106665,368.82011000,40531606.46773000,0
1761912000000,110405.02000000,111130.01000000,109364.00000000,110160.48000000,1621.61683000,1761926399999,178735627.49130680,168832,839.65912000,92563701.51943100,0
1761926400000,110159.22000000,110274.98000000,108591.05000000,109784.30000000,1137.45964000,1761940799999,124441753.95799740,151845,579.87350000,63453010.81177800,0
1761940800000,109791.28000000,109791.28000000,109286.84000000,109576.60000000,350.88186000,1761955199999,38448081.81373820,59061,189.21805000,20735013.84679590,0
1761955200000,109576.61000000,110260.44000000,109359.87000000,110191.33000000,310.30263000,1761969599999,34065798.89935440,59164,185.99398000,20425074.42757050,0
1761969600000,110196.10000000,110516.04000000,109909.53000000,110039.66000000,308.60959000,1761983999999,33991969.50740400,50007,174.31198000,19202011.89263850,0
1761984000000,110039.67000000,110235.43000000,109795.62000000,110095.62000000,268.37240000,1761998399999,29536886.12241690,37372,132.84482000,14623043.26326140,0
1761998400000,110095.62000000,110321.03000000,109684.99000000,110281.14000000,824.83872000,1762012799999,90705415.02935420,58109,210.62236000,23171708.28437620,0
1762012800000,110281.14000000,110522.78000000,110166.74000000,110274.56000000,469.60551000,1762027199999,51795752.03868530,57065,180.42648000,19901944.97680680,0
1762027200000,110274.57000000,110500.00000000,109826.30000000,110065.21000000,286.37214000,1762041599999,31552541.23910070,43991,150.96588000,16635875.76323190,0
1762041600000,110065.22000000,110254.32000000,109865.27000000,110044.94000000,242.62780000,1762055999999,26691892.65059700,47171,121.69308000,13387926.57157900,0
1762056000000,110044.94000000,111014.83000000,110010.91000000,110878.91000000,550.02812000,1762070399999,60768065.42621340,67079,238.44806000,26349802.20471560,0
1762070400000,110878.92000000,111225.99000000,110342.48000000,111182.27000000,521.39411000,1762084799999,57776932.86268290,70929,278.74758000,30893468.85630830,0
1762084800000,111182.27000000,111228.03000000,110096.77000000,110121.37000000,812.35877000,1762099199999,89759223.42634430,93256,365.73155000,40410116.10152060,0
1762099200000,110121.36000000,110345.46000000,109742.95000000,110181.63000000,414.45976000,1762113599999,45620897.28513080,69543,221.17184000,24347451.97885190,0
1762113600000,110181.63000000,110749.49000000,109475.11000000,110550.87000000,491.38395000,1762127999999,54082872.50700780,98086,287.95275000,31701576.05514610,0
1762128000000,110550.87000000,110764.48000000,107923.01000000,107952.00000000,833.16748000,1762142399999,90869888.27631100,128958,381.33526000,41605440.74246310,0
1762142400000,107950.01000000,108084.11000000,107013.00000000,107470.98000000,841.47396000,1762156799999,90573062.76931570,148269,417.36252000,44930817.33965090,0
1762156800000,107470.98000000,107929.50000000,106702.83000000,107796.65000000,786.37107000,1762171199999,84458810.17668260,142847,390.14707000,41908997.53339040,0
1762171200000,107796.66000000,108322.82000000,105500.00000000,105746.16000000,1551.79251000,1762185599999,165809527.46757120,206177,764.28729000,81705690.87725660,0
1762185600000,105746.16000000,107751.49000000,105316.11000000,107087.16000000,1400.89102000,1762199999999,149411662.12782060,204147,685.47445000,73155383.64579170,0
1762200000000,107079.02000000,107162.33000000,105818.83000000,106577.47000000,847.01160000,1762214399999,90253947.83350060,139652,398.22282000,42439623.40644500,0
1762214400000,106577.47000000,107277.76000000,105842.92000000,107140.42000000,709.21004000,1762228799999,75688444.88054250,126316,386.26390000,41241457.68031340,0
1762228800000,107140.42000000,107284.37000000,104155.40000000,104469.02000000,1437.04653000,1762243199999,150880137.06289390,177209,712.04934000,74746628.29021440,0
1762243200000,104469.01000000,104683.01000000,103557.39000000,104564.34000000,1540.90551000,1762257599999,160326163.91516980,205926,846.01950000,88052280.99436190,0
1762257600000,104564.34000000,104818.48000000,102910.00000000,103186.14000000,1858.39534000,1762271999999,193110912.18832680,210635,856.67380000,89101345.21298720,0
1762272000000,103186.14000000,103485.84000000,100000.00000000,100495.00000000,3378.23171000,1762286399999,342344895.79765470,365289,1596.93034000,161877724.14485310,0
1762286400000,100493.02000000,101875.00000000,98894.48000000,101489.73000000,3213.88738000,1762300799999,322460663.62317140,323880,1647.41794000,165407230.92452550,0
1762300800000,101496.26000000,102276.40000000,98961.66000000,102148.47000000,1874.99058000,1762315199999,189059012.54113830,220229,986.42365000,99485177.69903670,0
1762315200000,102148.46000000,102360.85000000,101500.00000000,102015.18000000,720.43831000,1762329599999,73424299.83200790,138014,315.45544000,32158273.95046790,0
1762329600000,102015.18000000,102213.10000000,101194.71000000,102071.01000000,860.78054000,1762343999999,87573977.17498250,149317,428.09032000,43557388.22520490,0
1762344000000,102071.00000000,103800.00000000,101918.84000000,103730.51000000,1578.03538000,1762358399999,162379738.17453670,176415,940.85724000,96804955.80657370,0
1762358400000,103730.51000000,104553.86000000,103062.78000000,104011.31000000,1334.99086000,1762372799999,138755825.52549600,139709,714.11357000,74240218.73031200,0
1762372800000,104011.30000000,104547.06000000,103292.37000000,103892.20000000,695.27967000,1762387199999,72203846.29952420,78442,380.36785000,39508167.62430480,0
1762387200000,103890.38000000,103938.25000000,102726.51000000,103649.21000000,649.93280000,1762401599999,67169289.42638050,118164,324.32709000,33511912.94169860,0
1762401600000,103649.22000000,104220.98000000,102904.78000000,103180.87000000,537.85459000,1762415999999,55623853.24353260,98135,239.07708000,24736484.90338240,0
1762416000000,103180.86000000,103442.58000000,102650.00000000,103217.59000000,620.17748000,1762430399999,63918301.48919780,114176,297.78041000,30694873.50889080,0
1762430400000,103217.58000000,103589.74000000,101603.49000000,101987.01000000,1579.30837000,1762444799999,161943081.80323860,182242,821.54533000,84253699.84735960,0
1762444800000,101987.01000000,102362.77000000,100258.57000000,101362.53000000,1818.05081000,1762459199999,184178260.94838780,207236,870.94110000,88254400.58379820,0
1762459200000,101362.53000000,101619.37000000,100505.82000000,101318.02000000,806.57070000,1762473599999,81518015.50416880,105258,398.94517000,40323931.75622560,0
1762473600000,101318.02000000,102308.30000000,100713.57000000,101877.39000000,790.23707000,1762487999999,80226905.22018210,143976,370.24058000,37585213.91674570,0
1762488000000,101877.39000000,102480.00000000,101539.15000000,101986.40000000,543.78631000,1762502399999,55475550.37151370,98788,263.23349000,26854283.17521480,0
1762502400000,101986.40000000,102018.45000000,99773.63000000,100368.16000000,926.42716000,1762516799999,93337735.39144590,143940,431.61461000,43483836.71538700,0
1762516800000,100368.15000000,101219.73000000,99203.41000000,100739.58000000,1847.27967000,1762531199999,185150843.66528920,193702,921.72432000,92450905.39728460,0
1762531200000,100739.59000000,103357.66000000,100457.24000000,103357.66000000,1655.38745000,1762545599999,169044709.01343690,203374,851.70031000,86933347.12250870,0
1762545600000,103357.66000000,104065.64000000,102911.76000000,103300.00000000,681.78552000,1762559999999,70592481.10864020,117025,407.31253000,42174230.58017340,0
1762560000000,103300.01000000,103360.00000000,102469.50000000,102546.13000000,697.24581000,1762574399999,71773331.42869930,112654,368.09023000,37896757.88891470,0
1762574400000,102546.14000000,102791.66000000,101877.60000000,102313.67000000,483.69592000,1762588799999,49500027.39080520,84243,239.29243000,24493422.62899130,0
1762588800000,102311.12000000,102650.43000000,101695.03000000,101827.62000000,533.68231000,1762603199999,54599840.88408840,80067,295.61390000,30253426.12689930,0
1762603200000,101827.62000000,102157.49000000,101433.47000000,101706.00000000,725.57826000,1762617599999,73864220.50209430,110892,393.75419000,40090775.90758820,0
1762617600000,101706.00000000,102210.79000000,101505.60000000,101964.91000000,605.09487000,1762631999999,61618492.69519790,98266,258.86213000,26369045.79205300,0
1762632000000,101964.91000000,102472.31000000,101938.52000000,102294.68000000,340.48434000,1762646399999,34796842.60829030,55226,212.53436000,21716195.00605060,0
1762646400000,102294.69000000,102322.27000000,101371.35000000,101646.77000000,527.43928000,1762660799999,53702685.71769910,79221,238.46901000,24280620.00281050,0
1762660800000,101650.38000000,102122.16000000,101621.81000000,101940.20000000,298.93134000,1762675199999,30444540.47792450,68071,164.05730000,16708470.32191200,0
1762675200000,101940.19000000,102300.00000000,101505.00000000,102240.02000000,535.26343000,1762689599999,54545682.82396510,86148,320.70243000,32687705.91258610,0
1762689600000,102240.03000000,104175.37000000,102046.83000000,103756.41000000,1325.17562000,1762703999999,136727061.49768180,162110,751.96255000,77620785.66581900,0
1762704000000,103756.41000000,104811.93000000,103323.85000000,104799.99000000,791.75900000,1762718399999,82397358.10931640,112887,464.41363000,48350999.91012820,0
1762718400000,104799.91000000,105488.00000000,104084.07000000,104710.22000000,812.34828000,1762732799999,85035051.18251020,125375,468.28716000,49030587.48750870,0
1762732800000,104710.21000000,106666.02000000,104266.68000000,106036.45000000,1266.69013000,1762747199999,134122071.38086940,163530,636.22460000,67357367.16911750,0
1762747200000,106036.45000000,106549.96000000,105845.23000000,106458.16000000,572.58307000,1762761599999,60807810.62705290,97797,276.87059000,29407873.41673110,0
1762761600000,106458.16000000,106599.99000000,105834.78000000,106179.29000000,668.05706000,1762775999999,70952988.77948480,141326,277.23632000,29444875.73060930,0
1762776000000,106179.29000000,106586.16000000,104666.17000000,105067.79000000,1429.45460000,1762790399999,150913863.49345730,197135,629.19984000,66419911.24966290,0
1762790400000,105067.79000000,106082.23000000,104780.80000000,105815.47000000,673.09542000,1762804799999,70991510.10401240,138946,373.17687000,39358539.18847290,0
1762804800000,105815.47000000,106285.91000000,105261.88000000,105993.67000000,513.30853000,1762819199999,54330414.48738310,122477,234.08024000,24780220.62553370,0
1762819200000,105993.66000000,107494.69000000,105491.89000000,106447.95000000,885.52379000,1762833599999,94310086.36158990,163352,439.76007000,46829129.86486870,0
1762833600000,106447.95000000,106536.59000000,104726.26000000,104776.48000000,595.86645000,1762847999999,62798983.73250800,95202,247.94372000,26128770.21117940,0
1762848000000,104776.48000000,105508.06000000,104757.08000000,105311.67000000,398.21122000,1762862399999,41880709.58575110,66141,191.56320000,20150122.79879090,0
1762862400000,105311.68000000,105508.06000000,103184.88000000,103468.00000000,1139.04866000,1762876799999,118641513.61232020,128493,537.77607000,56007611.86347090,0
1762876800000,103468.00000000,103730.90000000,102844.79000000,103118.15000000,800.77948000,1762891199999,82703055.19346870,100048,381.33534000,39396469.23425500,0
1762891200000,103118.15000000,103219.27000000,102459.93000000,103028.81000000,665.21630000,1762905599999,68428047.62088030,79882,343.67314000,35356427.37441280,0
1762905600000,103035.66000000,103428.68000000,102660.76000000,103298.98000000,554.67219000,1762919999999,57197322.31922410,102984,290.82522000,29990343.95555600,0
1762920000000,103298.98000000,103647.73000000,102982.11000000,103122.01000000,391.75162000,1762934399999,40491209.45236840,63478,154.59249000,15979489.66615920,0
1762934400000,103122.01000000,105218.10000000,103122.01000000,105033.20000000,864.17976000,1762948799999,90352452.87813880,116226,459.87309000,48062549.28461310,0
1762948800000,105032.48000000,105332.99000000,101954.01000000,102183.18000000,1239.14041000,1762963199999,128745940.45923300,138542,614.24109000,63846649.11694350,0
1762963200000,102173.60000000,102288.03000000,100801.16000000,101284.24000000,1280.08579000,1762977599999,130040863.79445290,123028,640.69292000,65097344.33896940,0
1762977600000,101284.23000000,102004.52000000,101127.20000000,101652.68000000,550.97736000,1762991999999,56022363.16784860,71038,300.51320000,30554510.60806850,0
1762992000000,101652.68000000,102615.02000000,100907.08000000,102120.63000000,799.24204000,1763006399999,81520246.01798740,134608,391.43536000,39933339.65168570,0
1763006400000,102120.63000000,104061.53000000,101652.17000000,103462.38000000,960.92303000,1763020799999,98938820.75249480,136082,498.45324000,51338495.06541250,0
1763020800000,103462.37000000,103794.00000000,102543.94000000,102927.01000000,579.99897000,1763035199999,59789792.62202890,72004,262.67278000,27079330.54220150,0
1763035200000,102927.00000000,103465.45000000,101178.78000000,101371.85000000,1256.16858000,1763049599999,128586775.15177130,118545,610.13373000,62467787.55747650,0
1763049600000,101371.84000000,101534.91000000,98106.35000000,98654.08000000,2497.83455000,1763063999999,248467827.38325140,160593,1086.67280000,108037245.98892870,0
1763064000000,98656.99000000,100467.11000000,97957.49000000,99644.02000000,1375.69155000,1763078399999,135970838.50343560,117735,650.09521000,64314384.24100500,0
1763078400000,99644.01000000,99841.96000000,98667.01000000,99115.11000000,1120.74577000,1763092799999,111252148.48633710,157448,490.87074000,48727431.86775970,0
1763092800000,99115.11000000,99157.84000000,95904.36000000,97112.90000000,2161.72390000,1763107199999,210279534.26598540,200527,954.31470000,92864917.93614140,0
1763107200000,97112.91000000,97511.94000000,95674.00000000,96139.27000000,1077.85357000,1763121599999,104291695.87625340,127638,588.03546000,56918709.36711770,0
1763121600000,96139.26000000,97257.95000000,94506.04000000,96751.55000000,3124.45138000,1763135999999,298628753.19976860,225454,1440.56520000,137730166.82820610,0
1763136000000,96746.87000000,97363.28000000,94727.50000000,95726.22000000,1551.80827000,1763150399999,149310182.41900830,148026,666.09547000,64094048.15301100,0
1763150400000,95727.28000000,95901.00000000,93948.96000000,94527.68000000,1148.37391000,1763164799999,108751860.54795750,124571,484.73046000,45915368.39236600,0
1763164800000,94526.87000000,96760.08000000,94508.28000000,96368.42000000,748.52898000,1763179199999,71565504.57927720,111037,437.22750000,41812589.70946160,0
1763179200000,96368.41000000,96537.78000000,95879.06000000,96281.01000000,375.69115000,1763193599999,36119666.31669620,69900,191.47117000,18412098.53819390,0
1763193600000,96281.02000000,96304.50000000,95569.63000000,95649.59000000,512.18129000,1763207999999,49107241.21242800,76369,262.03806000,25127040.63551160,0
1763208000000,95649.48000000,96434.06000000,95521.00000000,96218.35000000,410.79388000,1763222399999,39464915.30931880,69564,224.12748000,21528877.95584200,0
1763222400000,96219.05000000,96338.42000000,95680.62000000,95954.75000000,414.25750000,1763236799999,39752724.47883240,50666,219.64898000,21077026.33874700,0
1763236800000,95954.76000000,95969.91000000,95077.40000000,95559.93000000,333.53746000,1763251199999,31843022.08882450,41860,142.76598000,13627203.85769920,0
1763251200000,95562.68000000,95924.86000000,94809.40000000,95770.25000000,313.63229000,1763265599999,29917072.59702630,63371,165.15773000,15762304.14492740,0
1763265600000,95766.20000000,96129.99000000,95592.05000000,96039.05000000,196.17360000,1763279999999,18803561.16966820,39492,108.29754000,10381448.91541990,0
1763280000000,96039.05000000,96574.69000000,95457.96000000,95574.69000000,442.80006000,1763294399999,42537810.85239690,64039,230.53656000,22153939.72440360,0
1763294400000,95574.69000000,95860.26000000,94330.00000000,94529.65000000,625.74181000,1763308799999,59614129.15923560,76766,253.50402000,24161890.64546200,0
1763308800000,94529.66000000,95514.31000000,93700.00000000,93987.74000000,1474.98440000,1763323199999,139112277.90758770,153936,758.37340000,71520204.63648620,0
1763323200000,93987.75000000,94696.46000000,92920.00000000,94205.71000000,1255.53910000,1763337599999,117576099.93438540,134203,578.13380000,54172549.25350840,0
1763337600000,94205.70000000,95510.94000000,93718.78000000,95454.27000000,668.15148000,1763351999999,63402829.18857490,98569,337.76108000,32060617.52585720,0
1763352000000,95454.27000000,95816.69000000,94808.95000000,95586.84000000,574.14094000,1763366399999,54668235.45686430,86510,265.27530000,25267292.69856950,0
1763366400000,95586.85000000,95964.38000000,95257.34000000,95509.85000000,429.27341000,1763380799999,41055076.35255850,70898,234.28579000,22409122.63442990,0
1763380800000,95509.85000000,95981.99000000,93501.00000000,93894.97000000,1408.87899000,1763395199999,133279270.90719020,159060,726.62089000,68746968.38709260,0
1763395200000,93897.00000000,94358.03000000,91508.00000000,91597.17000000,2132.64809000,1763409599999,197773791.37267400,177914,942.46693000,87418530.31479990,0
1763409600000,91597.17000000,92313.53000000,91203.56000000,92123.22000000,1839.18195000,1763423999999,168770153.56835280,132077,824.14054000,75643471.20519240,0
1763424000000,92123.22000000,92278.76000000,89620.00000000,90758.92000000,2035.71901000,1763438399999,185094759.47591140,176224,921.91661000,83914781.42915250,0
1763438400000,90757.02000000,90778.23000000,89205.78000000,90419.20000000,1630.36096000,1763452799999,146632223.88028060,129368,849.31686000,76382558.53318340,0
1763452800000,90415.84000000,91528.82000000,90415.84000000,91429.59000000,1041.90332000,1763467199999,94938638.90886460,111602,550.93034000,50195448.11660890,0
1763467200000,91436.00000000,92961.91000000,90842.31000000,92846.53000000,1752.16246000,1763481599999,160879725.04853030,171707,1004.28091000,92250073.77104910,0
1763481600000,92846.53000000,93789.46000000,92511.83000000,93148.02000000,1405.50053000,1763495999999,131138496.84441710,145679,784.16621000,73167976.36738140,0
1763496000000,93148.02000000,93390.00000000,92377.15000000,92935.93000000,808.39687000,1763510399999,75067276.96109330,85037,493.55571000,45833707.08416280,0
1763510400000,92935.93000000,92958.03000000,91617.06000000,91835.65000000,738.66781000,1763524799999,68164846.61768090,97392,369.16353000,34070371.33285290,0
1763524800000,91838.44000000,91984.16000000,89975.75000000,91831.65000000,1097.21135000,1763539199999,99887759.87617410,107315,513.63382000,46766657.84182330,0
1763539200000,91831.64000000,91929.97000000,91041.67000000,91367.12000000,741.59815000,1763553599999,67816421.93731750,72367,381.91827000,34929891.06783020,0
1763553600000,91367.12000000,92358.91000000,89826.01000000,89908.48000000,1299.62811000,1763567999999,118472743.57036550,132870,569.98697000,51996932.11928410,0
1763568000000,89886.51000000,90183.51000000,88560.00000000,88809.76000000,2139.87767000,1763582399999,191040015.53658070,183368,1021.30986000,91219263.06880240,0
1763582400000,88809.76000000,91528.47000000,88530.87000000,91489.59000000,1535.43508000,1763596799999,138401163.81233220,133880,718.55610000,64805359.89515440,0
1763596800000,91489.59000000,92749.48000000,91117.07000000,92383.00000000,844.93825000,1763611199999,77949323.26485150,116072,425.88422000,39283241.00983150,0
1763611200000,92382.11000000,93100.00000000,91614.84000000,92250.91000000,848.45968000,1763625599999,78375898.49364980,102402,389.51383000,35984932.06139080,0
1763625600000,92250.90000000,92335.67000000,91380.66000000,91859.17000000,632.15574000,1763639999999,58040576.77321370,81506,356.17933000,32703334.91604750,0
1763640000000,91859.17000000,92485.91000000,89750.00000000,89797.86000000,1563.71228000,1763654399999,142474544.29659470,155366,777.90469000,70944733.08443280,0
1763654400000,89792.32000000,89839.99000000,86000.00000000,86824.01000000,3982.29592000,1763668799999,347780802.93743850,310019,1648.80493000,144058968.41138440,0
1763668800000,86824.00000000,88168.00000000,86235.01000000,86556.01000000,1916.15223000,1763683199999,166802170.88396860,191541,794.13369000,69201253.58249220,0
1763683200000,86551.84000000,87415.66000000,85260.21000000,85737.04000000,1423.04506000,1763697599999,122853138.46923430,187314,637.61299000,55085106.54341800,0
1763697600000,85737.00000000,86266.98000000,81333.00000000,83937.01000000,3115.96147000,1763711999999,262792815.77314900,244868,1561.54318000,131682199.67525050,0
1763712000000,83937.01000000,84618.88000000,81442.00000000,82213.29000000,4824.21179000,1763726399999,399540700.40929300,311353,2052.02930000,169993128.31718260,0
1763726400000,82230.91000000,85425.50000000,80561.16000000,82866.40000000,5204.66620000,1763740799999,433221628.39853710,380639,2497.73745000,208084552.90567630,0
1763740800000,82868.99000000,85500.00000000,82270.80000000,84164.66000000,2738.99720000,1763755199999,230466647.13755580,263706,1422.67446000,119726002.78298840,0
1763755200000,84164.66000000,85379.77000000,83411.61000000,85092.01000000,1572.74487000,1763769599999,133007306.17761290,178087,852.71395000,72120662.30674950,0
1763769600000,85092.01000000,85571.99000000,84171.75000000,84399.26000000,841.23037000,1763783999999,71347714.92357880,120345,412.43782000,34983027.84879870,0
1763784000000,84405.00000000,84774.52000000,83792.47000000,84545.00000000,622.28253000,1763798399999,52432610.13669860,118809,341.87105000,28807519.87849600,0
1763798400000,84545.00000000,84550.00000000,83460.00000000,84059.00000000,955.52796000,1763812799999,80238522.92067290,143166,472.03778000,39644777.84101110,0
1763812800000,84059.00000000,84733.90000000,83584.87000000,84253.02000000,675.49994000,1763827199999,56804986.66145630,136119,334.01680000,28084932.06462070,0
1763827200000,84253.01000000,84868.04000000,84184.95000000,84574.39000000,440.84816000,1763841599999,37281048.18999350,98688,226.28311000,19136592.70207970,0
1763841600000,84574.39000000,85229.48000000,84205.75000000,84706.00000000,515.47473000,1763855999999,43638268.09394110,99279,294.38158000,24922047.18423700,0
1763856000000,84706.00000000,86320.96000000,84640.42000000,86278.72000000,1096.01842000,1763870399999,93904804.92961690,130811,686.51431000,58825118.36185830,0
1763870400000,86279.70000000,86833.20000000,85390.21000000,85747.10000000,772.46365000,1763884799999,66584900.62546930,110426,395.36878000,34096230.15752930,0
1763884800000,85747.09000000,86446.36000000,85742.23000000,86301.58000000,606.80170000,1763899199999,52248481.03267540,105206,304.36956000,26212482.53716310,0
1763899200000,86301.58000000,87221.68000000,86234.54000000,87069.98000000,1125.52629000,1763913599999,97604615.12752990,122693,624.11101000,54127814.02234050,0
1763913600000,87067.00000000,87660.00000000,86486.68000000,87307.60000000,984.04351000,1763927999999,85712565.40124090,121976,512.93306000,44686788.22499710,0
1763928000000,87309.00000000,88114.05000000,86723.19000000,86831.00000000,1018.92360000,1763942399999,89103291.79282330,123282,554.29360000,48486197.15086260,0
1763942400000,86831.00000000,88060.63000000,85935.00000000,87436.96000000,1616.51280000,1763956799999,140629811.08328970,185799,763.21395000,66426706.45070170,0
1763956800000,87436.96000000,87842.97000000,86432.53000000,87029.44000000,990.95582000,1763971199999,86303167.27037850,148201,551.06328000,47992966.60150700,0
1763971200000,87029.43000000,87029.43000000,85668.95000000,86246.62000000,992.11884000,1763985599999,85542196.62309460,127424,494.44797000,42659630.38836350,0
1763985600000,86245.38000000,86717.99000000,85238.20000000,86590.01000000,1456.43285000,1763999999999,125432134.10280540,160831,725.68448000,62520491.55407390,0
1764000000000,86590.00000000,88839.76000000,86587.94000000,88330.90000000,1703.83219000,1764014399999,149883437.48108040,158446,871.23460000,76645446.49515200,0
1764014400000,88330.90000000,89235.28000000,88245.00000000,88283.65000000,1132.38202000,1764028799999,100609114.13644360,110789,612.12429000,54401450.55241410,0
1764028800000,88283.65000000,88283.65000000,87454.00000000,87811.01000000,724.60844000,1764043199999,63700214.39350050,121117,341.96162000,30065539.66256050,0
1764043200000,87811.00000000,88508.81000000,87339.46000000,87380.00000000,617.86698000,1764057599999,54322879.35736410,88632,313.74775000,27588327.61087030,0
1764057600000,87379.99000000,87614.25000000,86680.73000000,87359.77000000,835.09634000,1764071999999,72796008.78142800,110511,438.85397000,38250923.00342570,0
1764072000000,87359.78000000,87770.54000000,86093.35000000,86972.44000000,1457.43566000,1764086399999,126748532.34405390,183722,648.42014000,56402377.10964630,0
1764086400000,86974.34000000,88131.99000000,86161.54000000,86863.37000000,1133.06496000,1764100799999,98778341.94486500,161445,515.13690000,44919938.81093200,0
1764100800000,86863.37000000,87878.00000000,86565.01000000,87351.92000000,825.18157000,1764115199999,71981204.67339670,134533,401.11864000,34988362.52077520,0
1764115200000,87351.92000000,88214.34000000,87057.15000000,87110.79000000,537.72366000,1764129599999,47134984.99015980,99146,267.30860000,23433823.65600580,0
1764129600000,87110.79000000,87961.80000000,86885.17000000,87927.99000000,375.47077000,1764143999999,32851811.82899560,73058,191.50311000,16756989.96019160,0
1764144000000,87928.00000000,87932.40000000,86655.01000000,87085.51000000,668.73131000,1764158399999,58230181.13098450,79057,372.30297000,32406158.30578760,0
1764158400000,87085.51000000,87694.16000000,86303.13000000,86969.00000000,1136.36688000,1764172799999,98841582.07098240,133707,504.39053000,43873331.23539720,0
1764172800000,86968.99000000,86988.80000000,86959.03000000,86988.80000000,0.83993000,1764187199999,73051.67754980,83,0.61978000,53905.09944010,0
